<?xml version="1.0" encoding="UTF-8"?>
<addon id="repository.tidal2" name="TIDAL2 Addons (until Leia)" version="0.1.0" provider-name="arneson">
    <requires>
        <import addon="xbmc.addon" version="13.0.0"/>
    </requires>
    <extension point="xbmc.addon.repository" name="TIDAL2 Addons (until Leia)">
        <info compressed="false">https://github.com/arnesongit/repository.tidal2/raw/util-leia/addons.xml</info>
        <checksum>https://github.com/arnesongit/repository.tidal2/raw/util-leia/addons.xml.md5</checksum>
        <datadir zip="true">https://github.com/arnesongit/repository.tidal2/raw/util-leia</datadir>
        <hashes>false</hashes>
    </extension>
    <extension point="xbmc.addon.metadata">
        <summary>Install TIDAL2 Addons (until Leia)</summary>
        <description>Download and install addons by arneson</description>
        <platform>all</platform>
    </extension>
</addon>